"Country Name","Country Code","Indicator Name","Indicator Code","1960","1961","1962","1963","1964","1965","1966","1967","1968","1969","1970","1971","1972","1973","1974","1975","1976","1977","1978","1979","1980","1981","1982","1983","1984","1985","1986","1987","1988","1989","1990","1991","1992","1993","1994","1995","1996","1997","1998","1999","2000","2001","2002","2003","2004","2005","2006","2007","2008","2009","2010","2011","2012","2013","2014","2015","2016","2017","2018","2019","2020","2021","2022",
"Aruba","ABW","Child employment in agriculture, male (% of male economically active children ages 7-14)","SL.AGR.0714.MA.ZS","","","","","","","","","","","","","","","","","","","","","","","","","","","","","","","","","","","","","","","","","","","","","","","","","","","","","","","","","","","","","","","",
"Africa Eastern and Southern","AFE","Child employment in agriculture, male (% of male economically active children ages 7-14)","SL.AGR.0714.MA.ZS","","","","","","","","","","","","","","","","","","","","","","","","","","","","","","","","","","","","","","","","","","","","","","","","","","","","","","","","","","","","","","","",
"Afghanistan","AFG","Child employment in agriculture, male (% of male economically active children ages 7-14)","SL.AGR.0714.MA.ZS","","","","","","","","","","","","","","","","","","","","","","","","","","","","","","","","","","","","","","","","","","","","","","","","","","","","","","","","","","","","","","","",
"Africa Western and Central","AFW","Child employment in agriculture, male (% of male economically active children ages 7-14)","SL.AGR.0714.MA.ZS","","","","","","","","","","","","","","","","","","","","","","","","","","","","","","","","","","","","","","","","","","","","","","","","","","","","","","","","","","","","","","","",
"Angola","AGO","Child employment in agriculture, male (% of male economically active children ages 7-14)","SL.AGR.0714.MA.ZS","","","","","","","","","","","","","","","","","","","","","","","","","","","","","","","","","","","","","","","","","","","","","","","","","","","","","","","","","","","","","","","",
"Albania","ALB","Child employment in agriculture, male (% of male economically active children ages 7-14)","SL.AGR.0714.MA.ZS","","","","","","","","","","","","","","","","","","","","","","","","","","","","","","","","","","","","","","","","","","","","","","","","","","","83.65","","","","","","","","","","","","",
"Andorra","AND","Child employment in agriculture, male (% of male economically active children ages 7-14)","SL.AGR.0714.MA.ZS","","","","","","","","","","","","","","","","","","","","","","","","","","","","","","","","","","","","","","","","","","","","","","","","","","","","","","","","","","","","","","","",
"Arab World","ARB","Child employment in agriculture, male (% of male economically active children ages 7-14)","SL.AGR.0714.MA.ZS","","","","","","","","","","","","","","","","","","","","","","","","","","","","","","","","","","","","","","","","","","","","","","","","","","","","","","","","","","","","","","","",
"United Arab Emirates","ARE","Child employment in agriculture, male (% of male economically active children ages 7-14)","SL.AGR.0714.MA.ZS","","","","","","","","","","","","","","","","","","","","","","","","","","","","","","","","","","","","","","","","","","","","","","","","","","","","","","","","","","","","","","","",
"Argentina","ARG","Child employment in agriculture, male (% of male economically active children ages 7-14)","SL.AGR.0714.MA.ZS","","","","","","","","","","","","","","","","","","","","","","","","","","","","","","","","","","","","","","","","","","","","","","","","","","","","","","","","","","","","","","","",
"Armenia","ARM","Child employment in agriculture, male (% of male economically active children ages 7-14)","SL.AGR.0714.MA.ZS","","","","","","","","","","","","","","","","","","","","","","","","","","","","","","","","","","","","","","","","","","","","","","","","","","","","","","","","","","","","","","","",
"American Samoa","ASM","Child employment in agriculture, male (% of male economically active children ages 7-14)","SL.AGR.0714.MA.ZS","","","","","","","","","","","","","","","","","","","","","","","","","","","","","","","","","","","","","","","","","","","","","","","","","","","","","","","","","","","","","","","",
"Antigua and Barbuda","ATG","Child employment in agriculture, male (% of male economically active children ages 7-14)","SL.AGR.0714.MA.ZS","","","","","","","","","","","","","","","","","","","","","","","","","","","","","","","","","","","","","","","","","","","","","","","","","","","","","","","","","","","","","","","",
"Australia","AUS","Child employment in agriculture, male (% of male economically active children ages 7-14)","SL.AGR.0714.MA.ZS","","","","","","","","","","","","","","","","","","","","","","","","","","","","","","","","","","","","","","","","","","","","","","","","","","","","","","","","","","","","","","","",
"Austria","AUT","Child employment in agriculture, male (% of male economically active children ages 7-14)","SL.AGR.0714.MA.ZS","","","","","","","","","","","","","","","","","","","","","","","","","","","","","","","","","","","","","","","","","","","","","","","","","","","","","","","","","","","","","","","",
"Azerbaijan","AZE","Child employment in agriculture, male (% of male economically active children ages 7-14)","SL.AGR.0714.MA.ZS","","","","","","","","","","","","","","","","","","","","","","","","","","","","","","","","","","","","","","","","","","","","","","91.9","","","","","","","","","","","","","","","","","",
"Burundi","BDI","Child employment in agriculture, male (% of male economically active children ages 7-14)","SL.AGR.0714.MA.ZS","","","","","","","","","","","","","","","","","","","","","","","","","","","","","","","","","","","","","","","","","","","","","","","","","","","","","","","","","","","","","","","",
"Belgium","BEL","Child employment in agriculture, male (% of male economically active children ages 7-14)","SL.AGR.0714.MA.ZS","","","","","","","","","","","","","","","","","","","","","","","","","","","","","","","","","","","","","","","","","","","","","","","","","","","","","","","","","","","","","","","",
"Benin","BEN","Child employment in agriculture, male (% of male economically active children ages 7-14)","SL.AGR.0714.MA.ZS","","","","","","","","","","","","","","","","","","","","","","","","","","","","","","","","","","","","","","","","","","","","","","","","","","","","","","","","","","","","","","","",
"Burkina Faso","BFA","Child employment in agriculture, male (% of male economically active children ages 7-14)","SL.AGR.0714.MA.ZS","","","","","","","","","","","","","","","","","","","","","","","","","","","","","","","","","","","","","","","","","","","","98.4","","","78.3","","","","","","","","","","","","","","","","",
"Bangladesh","BGD","Child employment in agriculture, male (% of male economically active children ages 7-14)","SL.AGR.0714.MA.ZS","","","","","","","","","","","","","","","","","","","","","","","","","","","","","","","","","","","","","","","","","","","","61.35","","","","","","","","","","34.13","","","","","","","","","",
"Bulgaria","BGR","Child employment in agriculture, male (% of male economically active children ages 7-14)","SL.AGR.0714.MA.ZS","","","","","","","","","","","","","","","","","","","","","","","","","","","","","","","","","","","","","","","","","","","","","","","","","","","","","","","","","","","","","","","",
"Bahrain","BHR","Child employment in agriculture, male (% of male economically active children ages 7-14)","SL.AGR.0714.MA.ZS","","","","","","","","","","","","","","","","","","","","","","","","","","","","","","","","","","","","","","","","","","","","","","","","","","","","","","","","","","","","","","","",
"Bahamas, The","BHS","Child employment in agriculture, male (% of male economically active children ages 7-14)","SL.AGR.0714.MA.ZS","","","","","","","","","","","","","","","","","","","","","","","","","","","","","","","","","","","","","","","","","","","","","","","","","","","","","","","","","","","","","","","",
"Bosnia and Herzegovina","BIH","Child employment in agriculture, male (% of male economically active children ages 7-14)","SL.AGR.0714.MA.ZS","","","","","","","","","","","","","","","","","","","","","","","","","","","","","","","","","","","","","","","","","","","","","","","","","","","","","","","","","","","","","","","",
"Belarus","BLR","Child employment in agriculture, male (% of male economically active children ages 7-14)","SL.AGR.0714.MA.ZS","","","","","","","","","","","","","","","","","","","","","","","","","","","","","","","","","","","","","","","","","","","","","","","","","","","","","","","","","","","","","","","",
"Belize","BLZ","Child employment in agriculture, male (% of male economically active children ages 7-14)","SL.AGR.0714.MA.ZS","","","","","","","","","","","","","","","","","","","","","","","","","","","","","","","","","","","","","","","","","","","","","","","","","","","","","","","","","","","","","","","",
"Bermuda","BMU","Child employment in agriculture, male (% of male economically active children ages 7-14)","SL.AGR.0714.MA.ZS","","","","","","","","","","","","","","","","","","","","","","","","","","","","","","","","","","","","","","","","","","","","","","","","","","","","","","","","","","","","","","","",
"Bolivia","BOL","Child employment in agriculture, male (% of male economically active children ages 7-14)","SL.AGR.0714.MA.ZS","","","","","","","","","","","","","","","","","","","","","","","","","","","","","","","","","","","","","","","","","","","78.8","","","85.7","","","74","69.19","","","","83.75","","75.38","","","","","","","",
"Brazil","BRA","Child employment in agriculture, male (% of male economically active children ages 7-14)","SL.AGR.0714.MA.ZS","","","","","","","","","","","","","","","","","","","","","","","","","","","","","","","","","","","","","","","","","","","","","66.2","","","","60.4","59.21","","63.17","","62.44","61.8209920547484","60.92","","","","","","","",
"Barbados","BRB","Child employment in agriculture, male (% of male economically active children ages 7-14)","SL.AGR.0714.MA.ZS","","","","","","","","","","","","","","","","","","","","","","","","","","","","","","","","","","","","","","","","","","","","","","","","","","","","","","","","","","","","","","","",
"Brunei Darussalam","BRN","Child employment in agriculture, male (% of male economically active children ages 7-14)","SL.AGR.0714.MA.ZS","","","","","","","","","","","","","","","","","","","","","","","","","","","","","","","","","","","","","","","","","","","","","","","","","","","","","","","","","","","","","","","",
"Bhutan","BTN","Child employment in agriculture, male (% of male economically active children ages 7-14)","SL.AGR.0714.MA.ZS","","","","","","","","","","","","","","","","","","","","","","","","","","","","","","","","","","","","","","","","","","","","","","","","","","","","","","","","","","","","","","","",
"Botswana","BWA","Child employment in agriculture, male (% of male economically active children ages 7-14)","SL.AGR.0714.MA.ZS","","","","","","","","","","","","","","","","","","","","","","","","","","","","","","","","","","","","","","","","","","","","","","","","","","","","","","","","","","","","","","","",
"Central African Republic","CAF","Child employment in agriculture, male (% of male economically active children ages 7-14)","SL.AGR.0714.MA.ZS","","","","","","","","","","","","","","","","","","","","","","","","","","","","","","","","","","","","","","","","","","","","","","","","","","","","","","","","","","","","","","","",
"Canada","CAN","Child employment in agriculture, male (% of male economically active children ages 7-14)","SL.AGR.0714.MA.ZS","","","","","","","","","","","","","","","","","","","","","","","","","","","","","","","","","","","","","","","","","","","","","","","","","","","","","","","","","","","","","","","",
"Central Europe and the Baltics","CEB","Child employment in agriculture, male (% of male economically active children ages 7-14)","SL.AGR.0714.MA.ZS","","","","","","","","","","","","","","","","","","","","","","","","","","","","","","","","","","","","","","","","","","","","","","","","","","","","","","","","","","","","","","","",
"Switzerland","CHE","Child employment in agriculture, male (% of male economically active children ages 7-14)","SL.AGR.0714.MA.ZS","","","","","","","","","","","","","","","","","","","","","","","","","","","","","","","","","","","","","","","","","","","","","","","","","","","","","","","","","","","","","","","",
"Channel Islands","CHI","Child employment in agriculture, male (% of male economically active children ages 7-14)","SL.AGR.0714.MA.ZS","","","","","","","","","","","","","","","","","","","","","","","","","","","","","","","","","","","","","","","","","","","","","","","","","","","","","","","","","","","","","","","",
"Chile","CHL","Child employment in agriculture, male (% of male economically active children ages 7-14)","SL.AGR.0714.MA.ZS","","","","","","","","","","","","","","","","","","","","","","","","","","","","","","","","","","","","","","","","","","","","31","","","","","","","","","34.57","","","","","","","","","","",
"China","CHN","Child employment in agriculture, male (% of male economically active children ages 7-14)","SL.AGR.0714.MA.ZS","","","","","","","","","","","","","","","","","","","","","","","","","","","","","","","","","","","","","","","","","","","","","","","","","","","","","","","","","","","","","","","",
"Cote d'Ivoire","CIV","Child employment in agriculture, male (% of male economically active children ages 7-14)","SL.AGR.0714.MA.ZS","","","","","","","","","","","","","","","","","","","","","","","","","","","","","","","","","","","","","","","","","","","","","","","","","","","","","","","","","","","","","","","",
"Cameroon","CMR","Child employment in agriculture, male (% of male economically active children ages 7-14)","SL.AGR.0714.MA.ZS","","","","","","","","","","","","","","","","","","","","","","","","","","","","","","","","","","","","","","","","","","90.42","","","","","","90.23","","","","","","","","","","","","","","","",
"Congo, Dem. Rep.","COD","Child employment in agriculture, male (% of male economically active children ages 7-14)","SL.AGR.0714.MA.ZS","","","","","","","","","","","","","","","","","","","","","","","","","","","","","","","","","","","","","","","","","","","","","","","","","","","","","","","","","","","","","","","",
"Congo, Rep.","COG","Child employment in agriculture, male (% of male economically active children ages 7-14)","SL.AGR.0714.MA.ZS","","","","","","","","","","","","","","","","","","","","","","","","","","","","","","","","","","","","","","","","","","","","","","","","","","","","","","","","","","","","","","","",
"Colombia","COL","Child employment in agriculture, male (% of male economically active children ages 7-14)","SL.AGR.0714.MA.ZS","","","","","","","","","","","","","","","","","","","","","","","","","","","","","","","","","","","","","","","","","","","","","","","","49.12","","55.11","","","48.04","","48.44","53.43","","","","","","","",
"Comoros","COM","Child employment in agriculture, male (% of male economically active children ages 7-14)","SL.AGR.0714.MA.ZS","","","","","","","","","","","","","","","","","","","","","","","","","","","","","","","","","","","","","","","","","","","","","","","","","","","","","","","","","","","","","","","",
"Cabo Verde","CPV","Child employment in agriculture, male (% of male economically active children ages 7-14)","SL.AGR.0714.MA.ZS","","","","","","","","","","","","","","","","","","","","","","","","","","","","","","","","","","","","","","","","","","","","","","","","","","","","","","","","","","","","","","","",
"Costa Rica","CRI","Child employment in agriculture, male (% of male economically active children ages 7-14)","SL.AGR.0714.MA.ZS","","","","","","","","","","","","","","","","","","","","","","","","","","","","","","","","","","","","","","","","","","","","","47.98","","","","","","","58.09","","","","","41.46","","","","","","",
"Caribbean small states","CSS","Child employment in agriculture, male (% of male economically active children ages 7-14)","SL.AGR.0714.MA.ZS","","","","","","","","","","","","","","","","","","","","","","","","","","","","","","","","","","","","","","","","","","","","","","","","","","","","","","","","","","","","","","","",
"Cuba","CUB","Child employment in agriculture, male (% of male economically active children ages 7-14)","SL.AGR.0714.MA.ZS","","","","","","","","","","","","","","","","","","","","","","","","","","","","","","","","","","","","","","","","","","","","","","","","","","","","","","","","","","","","","","","",
"Curacao","CUW","Child employment in agriculture, male (% of male economically active children ages 7-14)","SL.AGR.0714.MA.ZS","","","","","","","","","","","","","","","","","","","","","","","","","","","","","","","","","","","","","","","","","","","","","","","","","","","","","","","","","","","","","","","",
"Cayman Islands","CYM","Child employment in agriculture, male (% of male economically active children ages 7-14)","SL.AGR.0714.MA.ZS","","","","","","","","","","","","","","","","","","","","","","","","","","","","","","","","","","","","","","","","","","","","","","","","","","","","","","","","","","","","","","","",
"Cyprus","CYP","Child employment in agriculture, male (% of male economically active children ages 7-14)","SL.AGR.0714.MA.ZS","","","","","","","","","","","","","","","","","","","","","","","","","","","","","","","","","","","","","","","","","","","","","","","","","","","","","","","","","","","","","","","",
"Czechia","CZE","Child employment in agriculture, male (% of male economically active children ages 7-14)","SL.AGR.0714.MA.ZS","","","","","","","","","","","","","","","","","","","","","","","","","","","","","","","","","","","","","","","","","","","","","","","","","","","","","","","","","","","","","","","",
"Germany","DEU","Child employment in agriculture, male (% of male economically active children ages 7-14)","SL.AGR.0714.MA.ZS","","","","","","","","","","","","","","","","","","","","","","","","","","","","","","","","","","","","","","","","","","","","","","","","","","","","","","","","","","","","","","","",
"Djibouti","DJI","Child employment in agriculture, male (% of male economically active children ages 7-14)","SL.AGR.0714.MA.ZS","","","","","","","","","","","","","","","","","","","","","","","","","","","","","","","","","","","","","","","","","","","","","","","","","","","","","","","","","","","","","","","",
"Dominica","DMA","Child employment in agriculture, male (% of male economically active children ages 7-14)","SL.AGR.0714.MA.ZS","","","","","","","","","","","","","","","","","","","","","","","","","","","","","","","","","","","","","","","","","","","","","","","","","","","","","","","","","","","","","","","",
"Denmark","DNK","Child employment in agriculture, male (% of male economically active children ages 7-14)","SL.AGR.0714.MA.ZS","","","","","","","","","","","","","","","","","","","","","","","","","","","","","","","","","","","","","","","","","","","","","","","","","","","","","","","","","","","","","","","",
"Dominican Republic","DOM","Child employment in agriculture, male (% of male economically active children ages 7-14)","SL.AGR.0714.MA.ZS","","","","","","","","","","","","","","","","","","","","","","","","","","","","","","","","","","","","","","","","","","","","","","23.33","","","","37.68","","","28.53","","","","","","","","","","",
"Algeria","DZA","Child employment in agriculture, male (% of male economically active children ages 7-14)","SL.AGR.0714.MA.ZS","","","","","","","","","","","","","","","","","","","","","","","","","","","","","","","","","","","","","","","","","","","","","","","","","","","","","","","","","","","","","","","",
"East Asia & Pacific (excluding high income)","EAP","Child employment in agriculture, male (% of male economically active children ages 7-14)","SL.AGR.0714.MA.ZS","","","","","","","","","","","","","","","","","","","","","","","","","","","","","","","","","","","","","","","","","","","","","","","","","","","","","","","","","","","","","","","",
"Early-demographic dividend","EAR","Child employment in agriculture, male (% of male economically active children ages 7-14)","SL.AGR.0714.MA.ZS","","","","","","","","","","","","","","","","","","","","","","","","","","","","","","","","","","","","","","","","","","","","","","","","","","","","","","","","","","","","","","","",
"East Asia & Pacific","EAS","Child employment in agriculture, male (% of male economically active children ages 7-14)","SL.AGR.0714.MA.ZS","","","","","","","","","","","","","","","","","","","","","","","","","","","","","","","","","","","","","","","","","","","","","","","","","","","","","","","","","","","","","","","",
"Europe & Central Asia (excluding high income)","ECA","Child employment in agriculture, male (% of male economically active children ages 7-14)","SL.AGR.0714.MA.ZS","","","","","","","","","","","","","","","","","","","","","","","","","","","","","","","","","","","","","","","","","","","","","","","","","","","","","","","","","","","","","","","",
"Europe & Central Asia","ECS","Child employment in agriculture, male (% of male economically active children ages 7-14)","SL.AGR.0714.MA.ZS","","","","","","","","","","","","","","","","","","","","","","","","","","","","","","","","","","","","","","","","","","","","","","","","","","","","","","","","","","","","","","","",
"Ecuador","ECU","Child employment in agriculture, male (% of male economically active children ages 7-14)","SL.AGR.0714.MA.ZS","","","","","","","","","","","","","","","","","","","","","","","","","","","","","","","","","","","","","","","","","","","","","71.2","","68.11","","","69.65","","70.88","","","","79.33","","","","","","","",
"Egypt, Arab Rep.","EGY","Child employment in agriculture, male (% of male economically active children ages 7-14)","SL.AGR.0714.MA.ZS","","","","","","","","","","","","","","","","","","","","","","","","","","","","","","","","","","","","","","","","","","","","","","","","","","51.48","","","","","","","","","","","","","",
"Euro area","EMU","Child employment in agriculture, male (% of male economically active children ages 7-14)","SL.AGR.0714.MA.ZS","","","","","","","","","","","","","","","","","","","","","","","","","","","","","","","","","","","","","","","","","","","","","","","","","","","","","","","","","","","","","","","",
"Eritrea","ERI","Child employment in agriculture, male (% of male economically active children ages 7-14)","SL.AGR.0714.MA.ZS","","","","","","","","","","","","","","","","","","","","","","","","","","","","","","","","","","","","","","","","","","","","","","","","","","","","","","","","","","","","","","","",
"Spain","ESP","Child employment in agriculture, male (% of male economically active children ages 7-14)","SL.AGR.0714.MA.ZS","","","","","","","","","","","","","","","","","","","","","","","","","","","","","","","","","","","","","","","","","","","","","","","","","","","","","","","","","","","","","","","",
"Estonia","EST","Child employment in agriculture, male (% of male economically active children ages 7-14)","SL.AGR.0714.MA.ZS","","","","","","","","","","","","","","","","","","","","","","","","","","","","","","","","","","","","","","","","","","","","","","","","","","","","","","","","","","","","","","","",
"Ethiopia","ETH","Child employment in agriculture, male (% of male economically active children ages 7-14)","SL.AGR.0714.MA.ZS","","","","","","","","","","","","","","","","","","","","","","","","","","","","","","","","","","","","","","","","","","","","","","96.8","","","","","","","","","","","","","","","","","",
"European Union","EUU","Child employment in agriculture, male (% of male economically active children ages 7-14)","SL.AGR.0714.MA.ZS","","","","","","","","","","","","","","","","","","","","","","","","","","","","","","","","","","","","","","","","","","","","","","","","","","","","","","","","","","","","","","","",
"Fragile and conflict affected situations","FCS","Child employment in agriculture, male (% of male economically active children ages 7-14)","SL.AGR.0714.MA.ZS","","","","","","","","","","","","","","","","","","","","","","","","","","","","","","","","","","","","","","","","","","","","","","","","","","","","","","","","","","","","","","","",
"Finland","FIN","Child employment in agriculture, male (% of male economically active children ages 7-14)","SL.AGR.0714.MA.ZS","","","","","","","","","","","","","","","","","","","","","","","","","","","","","","","","","","","","","","","","","","","","","","","","","","","","","","","","","","","","","","","",
"Fiji","FJI","Child employment in agriculture, male (% of male economically active children ages 7-14)","SL.AGR.0714.MA.ZS","","","","","","","","","","","","","","","","","","","","","","","","","","","","","","","","","","","","","","","","","","","","","","","","","","","","","","","","","","","","","","","",
"France","FRA","Child employment in agriculture, male (% of male economically active children ages 7-14)","SL.AGR.0714.MA.ZS","","","","","","","","","","","","","","","","","","","","","","","","","","","","","","","","","","","","","","","","","","","","","","","","","","","","","","","","","","","","","","","",
"Faroe Islands","FRO","Child employment in agriculture, male (% of male economically active children ages 7-14)","SL.AGR.0714.MA.ZS","","","","","","","","","","","","","","","","","","","","","","","","","","","","","","","","","","","","","","","","","","","","","","","","","","","","","","","","","","","","","","","",
"Micronesia, Fed. Sts.","FSM","Child employment in agriculture, male (% of male economically active children ages 7-14)","SL.AGR.0714.MA.ZS","","","","","","","","","","","","","","","","","","","","","","","","","","","","","","","","","","","","","","","","","","","","","","","","","","","","","","","","","","","","","","","",
"Gabon","GAB","Child employment in agriculture, male (% of male economically active children ages 7-14)","SL.AGR.0714.MA.ZS","","","","","","","","","","","","","","","","","","","","","","","","","","","","","","","","","","","","","","","","","","","","","","","","","","","","","","","","","","","","","","","",
"United Kingdom","GBR","Child employment in agriculture, male (% of male economically active children ages 7-14)","SL.AGR.0714.MA.ZS","","","","","","","","","","","","","","","","","","","","","","","","","","","","","","","","","","","","","","","","","","","","","","","","","","","","","","","","","","","","","","","",
"Georgia","GEO","Child employment in agriculture, male (% of male economically active children ages 7-14)","SL.AGR.0714.MA.ZS","","","","","","","","","","","","","","","","","","","","","","","","","","","","","","","","","","","","","","","","","","","","","","","","","","","","","","","","","","","","","","","",
"Ghana","GHA","Child employment in agriculture, male (% of male economically active children ages 7-14)","SL.AGR.0714.MA.ZS","","","","","","","","","","","","","","","","","","","","","","","","","","","","","","","","","","","","","","","","","","","","89","","","","","","","","","84.63","","","","","","","","","","",
"Gibraltar","GIB","Child employment in agriculture, male (% of male economically active children ages 7-14)","SL.AGR.0714.MA.ZS","","","","","","","","","","","","","","","","","","","","","","","","","","","","","","","","","","","","","","","","","","","","","","","","","","","","","","","","","","","","","","","",
"Guinea","GIN","Child employment in agriculture, male (% of male economically active children ages 7-14)","SL.AGR.0714.MA.ZS","","","","","","","","","","","","","","","","","","","","","","","","","","","","","","","","","","","","","","","","","","","","","","","","","","","78.85","","","","","","","","","","","","",
"Gambia, The","GMB","Child employment in agriculture, male (% of male economically active children ages 7-14)","SL.AGR.0714.MA.ZS","","","","","","","","","","","","","","","","","","","","","","","","","","","","","","","","","","","","","","","","","","","","","","","","","","","","","","","","92.75","","","","","","","",
"Guinea-Bissau","GNB","Child employment in agriculture, male (% of male economically active children ages 7-14)","SL.AGR.0714.MA.ZS","","","","","","","","","","","","","","","","","","","","","","","","","","","","","","","","","","","","","","","","","","","","","","","","","","","","","","","","","","","","","","","",
"Equatorial Guinea","GNQ","Child employment in agriculture, male (% of male economically active children ages 7-14)","SL.AGR.0714.MA.ZS","","","","","","","","","","","","","","","","","","","","","","","","","","","","","","","","","","","","","","","","","","","","","","","","","","","","","","","","","","","","","","","",
"Greece","GRC","Child employment in agriculture, male (% of male economically active children ages 7-14)","SL.AGR.0714.MA.ZS","","","","","","","","","","","","","","","","","","","","","","","","","","","","","","","","","","","","","","","","","","","","","","","","","","","","","","","","","","","","","","","",
"Grenada","GRD","Child employment in agriculture, male (% of male economically active children ages 7-14)","SL.AGR.0714.MA.ZS","","","","","","","","","","","","","","","","","","","","","","","","","","","","","","","","","","","","","","","","","","","","","","","","","","","","","","","","","","","","","","","",
"Greenland","GRL","Child employment in agriculture, male (% of male economically active children ages 7-14)","SL.AGR.0714.MA.ZS","","","","","","","","","","","","","","","","","","","","","","","","","","","","","","","","","","","","","","","","","","","","","","","","","","","","","","","","","","","","","","","",
"Guatemala","GTM","Child employment in agriculture, male (% of male economically active children ages 7-14)","SL.AGR.0714.MA.ZS","","","","","","","","","","","","","","","","","","","","","","","","","","","","","","","","","","","","","","","","","","","","74.2","79.2","","75.99","","","","","","78.02","","75.2","72.0735849534866","","","","","","","",
"Guam","GUM","Child employment in agriculture, male (% of male economically active children ages 7-14)","SL.AGR.0714.MA.ZS","","","","","","","","","","","","","","","","","","","","","","","","","","","","","","","","","","","","","","","","","","","","","","","","","","","","","","","","","","","","","","","",
"Guyana","GUY","Child employment in agriculture, male (% of male economically active children ages 7-14)","SL.AGR.0714.MA.ZS","","","","","","","","","","","","","","","","","","","","","","","","","","","","","","","","","","","","","","","","","","","","","","","","","","","","","","","","","","","","","","","",
"High income","HIC","Child employment in agriculture, male (% of male economically active children ages 7-14)","SL.AGR.0714.MA.ZS","","","","","","","","","","","","","","","","","","","","","","","","","","","","","","","","","","","","","","","","","","","","","","","","","","","","","","","","","","","","","","","",
"Hong Kong SAR, China","HKG","Child employment in agriculture, male (% of male economically active children ages 7-14)","SL.AGR.0714.MA.ZS","","","","","","","","","","","","","","","","","","","","","","","","","","","","","","","","","","","","","","","","","","","","","","","","","","","","","","","","","","","","","","","",
"Honduras","HND","Child employment in agriculture, male (% of male economically active children ages 7-14)","SL.AGR.0714.MA.ZS","","","","","","","","","","","","","","","","","","","","","","","","","","","","","","","","","","","","","","","","","","","","","76.9","","","74.31","","","","83.02","","77.48","73.97","","","","","","","","",
"Heavily indebted poor countries (HIPC)","HPC","Child employment in agriculture, male (% of male economically active children ages 7-14)","SL.AGR.0714.MA.ZS","","","","","","","","","","","","","","","","","","","","","","","","","","","","","","","","","","","","","","","","","","","","","","","","","","","","","","","","","","","","","","","",
"Croatia","HRV","Child employment in agriculture, male (% of male economically active children ages 7-14)","SL.AGR.0714.MA.ZS","","","","","","","","","","","","","","","","","","","","","","","","","","","","","","","","","","","","","","","","","","","","","","","","","","","","","","","","","","","","","","","",
"Haiti","HTI","Child employment in agriculture, male (% of male economically active children ages 7-14)","SL.AGR.0714.MA.ZS","","","","","","","","","","","","","","","","","","","","","","","","","","","","","","","","","","","","","","","","","","","","","","","","","","","","","","","","","","","","","","","",
"Hungary","HUN","Child employment in agriculture, male (% of male economically active children ages 7-14)","SL.AGR.0714.MA.ZS","","","","","","","","","","","","","","","","","","","","","","","","","","","","","","","","","","","","","","","","","","","","","","","","","","","","","","","","","","","","","","","",
"IBRD only","IBD","Child employment in agriculture, male (% of male economically active children ages 7-14)","SL.AGR.0714.MA.ZS","","","","","","","","","","","","","","","","","","","","","","","","","","","","","","","","","","","","","","","","","","","","","","","","","","","","","","","","","","","","","","","",
"IDA & IBRD total","IBT","Child employment in agriculture, male (% of male economically active children ages 7-14)","SL.AGR.0714.MA.ZS","","","","","","","","","","","","","","","","","","","","","","","","","","","","","","","","","","","","","","","","","","","","","","","","","","","","","","","","","","","","","","","",
"IDA total","IDA","Child employment in agriculture, male (% of male economically active children ages 7-14)","SL.AGR.0714.MA.ZS","","","","","","","","","","","","","","","","","","","","","","","","","","","","","","","","","","","","","","","","","","","","","","","","","","","","","","","","","","","","","","","",
"IDA blend","IDB","Child employment in agriculture, male (% of male economically active children ages 7-14)","SL.AGR.0714.MA.ZS","","","","","","","","","","","","","","","","","","","","","","","","","","","","","","","","","","","","","","","","","","","","","","","","","","","","","","","","","","","","","","","",
"Indonesia","IDN","Child employment in agriculture, male (% of male economically active children ages 7-14)","SL.AGR.0714.MA.ZS","","","","","","","","","","","","","","","","","","","","","","","","","","","","","","","","","","","","","","","","","","","","","","","","","","65.5","71.16","","","","","","","","","","","","",
"IDA only","IDX","Child employment in agriculture, male (% of male economically active children ages 7-14)","SL.AGR.0714.MA.ZS","","","","","","","","","","","","","","","","","","","","","","","","","","","","","","","","","","","","","","","","","","","","","","","","","","","","","","","","","","","","","","","",
"Isle of Man","IMN","Child employment in agriculture, male (% of male economically active children ages 7-14)","SL.AGR.0714.MA.ZS","","","","","","","","","","","","","","","","","","","","","","","","","","","","","","","","","","","","","","","","","","","","","","","","","","","","","","","","","","","","","","","",
"India","IND","Child employment in agriculture, male (% of male economically active children ages 7-14)","SL.AGR.0714.MA.ZS","","","","","","","","","","","","","","","","","","","","","","","","","","","","","","","","","","","","","","","","","70.47","","","","","66.05","","","","","64.35","","47.73","","","","","","","","","","",
"Not classified","INX","Child employment in agriculture, male (% of male economically active children ages 7-14)","SL.AGR.0714.MA.ZS","","","","","","","","","","","","","","","","","","","","","","","","","","","","","","","","","","","","","","","","","","","","","","","","","","","","","","","","","","","","","","","",
"Ireland","IRL","Child employment in agriculture, male (% of male economically active children ages 7-14)","SL.AGR.0714.MA.ZS","","","","","","","","","","","","","","","","","","","","","","","","","","","","","","","","","","","","","","","","","","","","","","","","","","","","","","","","","","","","","","","",
"Iran, Islamic Rep.","IRN","Child employment in agriculture, male (% of male economically active children ages 7-14)","SL.AGR.0714.MA.ZS","","","","","","","","","","","","","","","","","","","","","","","","","","","","","","","","","","","","","","","","","","","","","","","","","","","","","","","","","","","","","","","",
"Iraq","IRQ","Child employment in agriculture, male (% of male economically active children ages 7-14)","SL.AGR.0714.MA.ZS","","","","","","","","","","","","","","","","","","","","","","","","","","","","","","","","","","","","","","","","","","","","","","","","","","","","","","","","","","","","","","","",
"Iceland","ISL","Child employment in agriculture, male (% of male economically active children ages 7-14)","SL.AGR.0714.MA.ZS","","","","","","","","","","","","","","","","","","","","","","","","","","","","","","","","","","","","","","","","","","","","","","","","","","","","","","","","","","","","","","","",
"Israel","ISR","Child employment in agriculture, male (% of male economically active children ages 7-14)","SL.AGR.0714.MA.ZS","","","","","","","","","","","","","","","","","","","","","","","","","","","","","","","","","","","","","","","","","","","","","","","","","","","","","","","","","","","","","","","",
"Italy","ITA","Child employment in agriculture, male (% of male economically active children ages 7-14)","SL.AGR.0714.MA.ZS","","","","","","","","","","","","","","","","","","","","","","","","","","","","","","","","","","","","","","","","","","","","","","","","","","","","","","","","","","","","","","","",
"Jamaica","JAM","Child employment in agriculture, male (% of male economically active children ages 7-14)","SL.AGR.0714.MA.ZS","","","","","","","","","","","","","","","","","","","","","","","","","","","","","","","","","","","","","","","","","","","36.84","","","","","","","","","","","","","","","","","","","","",
"Jordan","JOR","Child employment in agriculture, male (% of male economically active children ages 7-14)","SL.AGR.0714.MA.ZS","","","","","","","","","","","","","","","","","","","","","","","","","","","","","","","","","","","","","","","","","","","","","","","","29.9","","","","","","","","","40.93","","","","","","",
"Japan","JPN","Child employment in agriculture, male (% of male economically active children ages 7-14)","SL.AGR.0714.MA.ZS","","","","","","","","","","","","","","","","","","","","","","","","","","","","","","","","","","","","","","","","","","","","","","","","","","","","","","","","","","","","","","","",
"Kazakhstan","KAZ","Child employment in agriculture, male (% of male economically active children ages 7-14)","SL.AGR.0714.MA.ZS","","","","","","","","","","","","","","","","","","","","","","","","","","","","","","","","","","","","","","","","","","","","","","","","","","","","","","","","","","","","","","","",
"Kenya","KEN","Child employment in agriculture, male (% of male economically active children ages 7-14)","SL.AGR.0714.MA.ZS","","","","","","","","","","","","","","","","","","","","","","","","","","","","","","","","","","","","","","","","87.2935943767","","","","","","","","","","","","","","","","","","","","","","","",
"Kyrgyz Republic","KGZ","Child employment in agriculture, male (% of male economically active children ages 7-14)","SL.AGR.0714.MA.ZS","","","","","","","","","","","","","","","","","","","","","","","","","","","","","","","","","","","","","","","93.0317727408","","","","","","","","","97.92","","","","","","","99.4117502838102","","","","","","","","",
"Cambodia","KHM","Child employment in agriculture, male (% of male economically active children ages 7-14)","SL.AGR.0714.MA.ZS","","","","","","","","","","","","","","","","","","","","","","","","","","","","","","","","","","","","","","","","","","78.5","","","","","","","","88.42","","","65.81","","","","","","","","","","",
"Kiribati","KIR","Child employment in agriculture, male (% of male economically active children ages 7-14)","SL.AGR.0714.MA.ZS","","","","","","","","","","","","","","","","","","","","","","","","","","","","","","","","","","","","","","","","","","","","","","","","","","","","","","","","","","","","","","","",
"St. Kitts and Nevis","KNA","Child employment in agriculture, male (% of male economically active children ages 7-14)","SL.AGR.0714.MA.ZS","","","","","","","","","","","","","","","","","","","","","","","","","","","","","","","","","","","","","","","","","","","","","","","","","","","","","","","","","","","","","","","",
"Korea, Rep.","KOR","Child employment in agriculture, male (% of male economically active children ages 7-14)","SL.AGR.0714.MA.ZS","","","","","","","","","","","","","","","","","","","","","","","","","","","","","","","","","","","","","","","","","","","","","","","","","","","","","","","","","","","","","","","",
"Kuwait","KWT","Child employment in agriculture, male (% of male economically active children ages 7-14)","SL.AGR.0714.MA.ZS","","","","","","","","","","","","","","","","","","","","","","","","","","","","","","","","","","","","","","","","","","","","","","","","","","","","","","","","","","","","","","","",
"Latin America & Caribbean (excluding high income)","LAC","Child employment in agriculture, male (% of male economically active children ages 7-14)","SL.AGR.0714.MA.ZS","","","","","","","","","","","","","","","","","","","","","","","","","","","","","","","","","","","","","","","","","","","","","","","","","","","","","","","","","","","","","","","",
"Lao PDR","LAO","Child employment in agriculture, male (% of male economically active children ages 7-14)","SL.AGR.0714.MA.ZS","","","","","","","","","","","","","","","","","","","","","","","","","","","","","","","","","","","","","","","","","","","","","","","","","","","95.98","","","","","","","","","","","","",
"Lebanon","LBN","Child employment in agriculture, male (% of male economically active children ages 7-14)","SL.AGR.0714.MA.ZS","","","","","","","","","","","","","","","","","","","","","","","","","","","","","","","","","","","","","","","","","","","","","","","","","","","","","","","","","","","","","","","",
"Liberia","LBR","Child employment in agriculture, male (% of male economically active children ages 7-14)","SL.AGR.0714.MA.ZS","","","","","","","","","","","","","","","","","","","","","","","","","","","","","","","","","","","","","","","","","","","","","","","","","","","80.33","","","","","","","","","","","","",
"Libya","LBY","Child employment in agriculture, male (% of male economically active children ages 7-14)","SL.AGR.0714.MA.ZS","","","","","","","","","","","","","","","","","","","","","","","","","","","","","","","","","","","","","","","","","","","","","","","","","","","","","","","","","","","","","","","",
"St. Lucia","LCA","Child employment in agriculture, male (% of male economically active children ages 7-14)","SL.AGR.0714.MA.ZS","","","","","","","","","","","","","","","","","","","","","","","","","","","","","","","","","","","","","","","","","","","","","","","","","","","","","","","","","","","","","","","",
"Latin America & Caribbean","LCN","Child employment in agriculture, male (% of male economically active children ages 7-14)","SL.AGR.0714.MA.ZS","","","","","","","","","","","","","","","","","","","","","","","","","","","","","","","","","","","","","","","","","","","","","","","","","","","","","","","","","","","","","","","",
"Least developed countries: UN classification","LDC","Child employment in agriculture, male (% of male economically active children ages 7-14)","SL.AGR.0714.MA.ZS","","","","","","","","","","","","","","","","","","","","","","","","","","","","","","","","","","","","","","","","","","","","","","","","","","","","","","","","","","","","","","","",
"Low income","LIC","Child employment in agriculture, male (% of male economically active children ages 7-14)","SL.AGR.0714.MA.ZS","","","","","","","","","","","","","","","","","","","","","","","","","","","","","","","","","","","","","","","","","","","","","","","","","","","","","","","","","","","","","","","",
"Liechtenstein","LIE","Child employment in agriculture, male (% of male economically active children ages 7-14)","SL.AGR.0714.MA.ZS","","","","","","","","","","","","","","","","","","","","","","","","","","","","","","","","","","","","","","","","","","","","","","","","","","","","","","","","","","","","","","","",
"Sri Lanka","LKA","Child employment in agriculture, male (% of male economically active children ages 7-14)","SL.AGR.0714.MA.ZS","","","","","","","","","","","","","","","","","","","","","","","","","","","","","","","","","","","","","","","","71.14","","","","","","","","","","66.6","","","","","","","","","","","","","",
"Lower middle income","LMC","Child employment in agriculture, male (% of male economically active children ages 7-14)","SL.AGR.0714.MA.ZS","","","","","","","","","","","","","","","","","","","","","","","","","","","","","","","","","","","","","","","","","","","","","","","","","","","","","","","","","","","","","","","",
"Low & middle income","LMY","Child employment in agriculture, male (% of male economically active children ages 7-14)","SL.AGR.0714.MA.ZS","","","","","","","","","","","","","","","","","","","","","","","","","","","","","","","","","","","","","","","","","","","","","","","","","","","","","","","","","","","","","","","",
"Lesotho","LSO","Child employment in agriculture, male (% of male economically active children ages 7-14)","SL.AGR.0714.MA.ZS","","","","","","","","","","","","","","","","","","","","","","","","","","","","","","","","","","","","","","","","","","","","","","","","","","","","","","","","","","","","","","","",
"Late-demographic dividend","LTE","Child employment in agriculture, male (% of male economically active children ages 7-14)","SL.AGR.0714.MA.ZS","","","","","","","","","","","","","","","","","","","","","","","","","","","","","","","","","","","","","","","","","","","","","","","","","","","","","","","","","","","","","","","",
"Lithuania","LTU","Child employment in agriculture, male (% of male economically active children ages 7-14)","SL.AGR.0714.MA.ZS","","","","","","","","","","","","","","","","","","","","","","","","","","","","","","","","","","","","","","","","","","","","","","","","","","","","","","","","","","","","","","","",
"Luxembourg","LUX","Child employment in agriculture, male (% of male economically active children ages 7-14)","SL.AGR.0714.MA.ZS","","","","","","","","","","","","","","","","","","","","","","","","","","","","","","","","","","","","","","","","","","","","","","","","","","","","","","","","","","","","","","","",
"Latvia","LVA","Child employment in agriculture, male (% of male economically active children ages 7-14)","SL.AGR.0714.MA.ZS","","","","","","","","","","","","","","","","","","","","","","","","","","","","","","","","","","","","","","","","","","","","","","","","","","","","","","","","","","","","","","","",
"Macao SAR, China","MAC","Child employment in agriculture, male (% of male economically active children ages 7-14)","SL.AGR.0714.MA.ZS","","","","","","","","","","","","","","","","","","","","","","","","","","","","","","","","","","","","","","","","","","","","","","","","","","","","","","","","","","","","","","","",
"St. Martin (French part)","MAF","Child employment in agriculture, male (% of male economically active children ages 7-14)","SL.AGR.0714.MA.ZS","","","","","","","","","","","","","","","","","","","","","","","","","","","","","","","","","","","","","","","","","","","","","","","","","","","","","","","","","","","","","","","",
"Morocco","MAR","Child employment in agriculture, male (% of male economically active children ages 7-14)","SL.AGR.0714.MA.ZS","","","","","","","","","","","","","","","","","","","","","","","","","","","","","","","","","","","","","","","","60.78","","","","","52.74","","","","","","","","","","","","","","","","","","",
"Monaco","MCO","Child employment in agriculture, male (% of male economically active children ages 7-14)","SL.AGR.0714.MA.ZS","","","","","","","","","","","","","","","","","","","","","","","","","","","","","","","","","","","","","","","","","","","","","","","","","","","","","","","","","","","","","","","",
"Moldova","MDA","Child employment in agriculture, male (% of male economically active children ages 7-14)","SL.AGR.0714.MA.ZS","","","","","","","","","","","","","","","","","","","","","","","","","","","","","","","","","","","","","","","","","","","","","","","","","","97.12","","","","","","","","","","","","","",
"Madagascar","MDG","Child employment in agriculture, male (% of male economically active children ages 7-14)","SL.AGR.0714.MA.ZS","","","","","","","","","","","","","","","","","","","","","","","","","","","","","","","","","","","","","","","","","","94.08","","","","","","90.62","","","","","","","","","","","","","","","",
"Maldives","MDV","Child employment in agriculture, male (% of male economically active children ages 7-14)","SL.AGR.0714.MA.ZS","","","","","","","","","","","","","","","","","","","","","","","","","","","","","","","","","","","","","","","","","","","","","","","","","","","","","","","","","","","","","","","",
"Middle East & North Africa","MEA","Child employment in agriculture, male (% of male economically active children ages 7-14)","SL.AGR.0714.MA.ZS","","","","","","","","","","","","","","","","","","","","","","","","","","","","","","","","","","","","","","","","","","","","","","","","","","","","","","","","","","","","","","","",
"Mexico","MEX","Child employment in agriculture, male (% of male economically active children ages 7-14)","SL.AGR.0714.MA.ZS","","","","","","","","","","","","","","","","","","","","","","","","","","","","","","","","","","","","","","","","","","","","","46.4","","","","","47.81","45.94","44.59","","45.47","","","","","","","","","",
"Marshall Islands","MHL","Child employment in agriculture, male (% of male economically active children ages 7-14)","SL.AGR.0714.MA.ZS","","","","","","","","","","","","","","","","","","","","","","","","","","","","","","","","","","","","","","","","","","","","","","","","","","","","","","","","","","","","","","","",
"Middle income","MIC","Child employment in agriculture, male (% of male economically active children ages 7-14)","SL.AGR.0714.MA.ZS","","","","","","","","","","","","","","","","","","","","","","","","","","","","","","","","","","","","","","","","","","","","","","","","","","","","","","","","","","","","","","","",
"North Macedonia","MKD","Child employment in agriculture, male (% of male economically active children ages 7-14)","SL.AGR.0714.MA.ZS","","","","","","","","","","","","","","","","","","","","","","","","","","","","","","","","","","","","","","","","","","","","","","","","","","","","","","","","","","","","","","","",
"Mali","MLI","Child employment in agriculture, male (% of male economically active children ages 7-14)","SL.AGR.0714.MA.ZS","","","","","","","","","","","","","","","","","","","","","","","","","","","","","","","","","","","","","","","","","","","","","","86.8","","83.83","","","","","","","","","","","","","","","",
"Malta","MLT","Child employment in agriculture, male (% of male economically active children ages 7-14)","SL.AGR.0714.MA.ZS","","","","","","","","","","","","","","","","","","","","","","","","","","","","","","","","","","","","","","","","","","","","","","","","","","","","","","","","","","","","","","","",
"Myanmar","MMR","Child employment in agriculture, male (% of male economically active children ages 7-14)","SL.AGR.0714.MA.ZS","","","","","","","","","","","","","","","","","","","","","","","","","","","","","","","","","","","","","","","","","","","","","","","","","","","","","","","","","","","","","","","",
"Middle East & North Africa (excluding high income)","MNA","Child employment in agriculture, male (% of male economically active children ages 7-14)","SL.AGR.0714.MA.ZS","","","","","","","","","","","","","","","","","","","","","","","","","","","","","","","","","","","","","","","","","","","","","","","","","","","","","","","","","","","","","","","",
"Montenegro","MNE","Child employment in agriculture, male (% of male economically active children ages 7-14)","SL.AGR.0714.MA.ZS","","","","","","","","","","","","","","","","","","","","","","","","","","","","","","","","","","","","","","","","","","","","","","","","","","","","","","","","","","","","","","","",
"Mongolia","MNG","Child employment in agriculture, male (% of male economically active children ages 7-14)","SL.AGR.0714.MA.ZS","","","","","","","","","","","","","","","","","","","","","","","","","","","","","","","","","","","","","","","","","","","","","","","","90.79","","","","","84.74","","","","","","","","","","",
"Northern Mariana Islands","MNP","Child employment in agriculture, male (% of male economically active children ages 7-14)","SL.AGR.0714.MA.ZS","","","","","","","","","","","","","","","","","","","","","","","","","","","","","","","","","","","","","","","","","","","","","","","","","","","","","","","","","","","","","","","",
"Mozambique","MOZ","Child employment in agriculture, male (% of male economically active children ages 7-14)","SL.AGR.0714.MA.ZS","","","","","","","","","","","","","","","","","","","","","","","","","","","","","","","","","","","","","","","","","","","","","","","","","","","","","","","","","","","","","","","",
"Mauritania","MRT","Child employment in agriculture, male (% of male economically active children ages 7-14)","SL.AGR.0714.MA.ZS","","","","","","","","","","","","","","","","","","","","","","","","","","","","","","","","","","","","","","","","","","","","","","","","","","","","","","","","","","","","","","","",
"Mauritius","MUS","Child employment in agriculture, male (% of male economically active children ages 7-14)","SL.AGR.0714.MA.ZS","","","","","","","","","","","","","","","","","","","","","","","","","","","","","","","","","","","","","","","","","","","","","","","","","","","","","","","","","","","","","","","",
"Malawi","MWI","Child employment in agriculture, male (% of male economically active children ages 7-14)","SL.AGR.0714.MA.ZS","","","","","","","","","","","","","","","","","","","","","","","","","","","","","","","","","","","","","","","","","","","","","","","","","","","","","","","","74.1","","","","","","","",
"Malaysia","MYS","Child employment in agriculture, male (% of male economically active children ages 7-14)","SL.AGR.0714.MA.ZS","","","","","","","","","","","","","","","","","","","","","","","","","","","","","","","","","","","","","","","","","","","","","","","","","","","","","","","","","","","","","","","",
"North America","NAC","Child employment in agriculture, male (% of male economically active children ages 7-14)","SL.AGR.0714.MA.ZS","","","","","","","","","","","","","","","","","","","","","","","","","","","","","","","","","","","","","","","","","","","","","","","","","","","","","","","","","","","","","","","",
"Namibia","NAM","Child employment in agriculture, male (% of male economically active children ages 7-14)","SL.AGR.0714.MA.ZS","","","","","","","","","","","","","","","","","","","","","","","","","","","","","","","","","","","","","","","","91.45","","","","","","","","","","","","","","","","","","","","","","","",
"New Caledonia","NCL","Child employment in agriculture, male (% of male economically active children ages 7-14)","SL.AGR.0714.MA.ZS","","","","","","","","","","","","","","","","","","","","","","","","","","","","","","","","","","","","","","","","","","","","","","","","","","","","","","","","","","","","","","","",
"Niger","NER","Child employment in agriculture, male (% of male economically active children ages 7-14)","SL.AGR.0714.MA.ZS","","","","","","","","","","","","","","","","","","","","","","","","","","","","","","","","","","","","","","","","","","","","","","","","","","26.02","","","","","","","","","","","","","",
"Nigeria","NGA","Child employment in agriculture, male (% of male economically active children ages 7-14)","SL.AGR.0714.MA.ZS","","","","","","","","","","","","","","","","","","","","","","","","","","","","","","","","","","","","","","","","","","","","","","","","","","","90.85","","","","","","","","","","","","",
"Nicaragua","NIC","Child employment in agriculture, male (% of male economically active children ages 7-14)","SL.AGR.0714.MA.ZS","","","","","","","","","","","","","","","","","","","","","","","","","","","","","","","","","","","","","","","","","","73.1853315797","","","","78.78","","","","","70.72","","63.89","","","","","","","","","","",
"Netherlands","NLD","Child employment in agriculture, male (% of male economically active children ages 7-14)","SL.AGR.0714.MA.ZS","","","","","","","","","","","","","","","","","","","","","","","","","","","","","","","","","","","","","","","","","","","","","","","","","","","","","","","","","","","","","","","",
"Norway","NOR","Child employment in agriculture, male (% of male economically active children ages 7-14)","SL.AGR.0714.MA.ZS","","","","","","","","","","","","","","","","","","","","","","","","","","","","","","","","","","","","","","","","","","","","","","","","","","","","","","","","","","","","","","","",
"Nepal","NPL","Child employment in agriculture, male (% of male economically active children ages 7-14)","SL.AGR.0714.MA.ZS","","","","","","","","","","","","","","","","","","","","","","","","","","","","","","","","","","","","","","","","88.3","","","","","","","","","89.03","","","","","","","","","","","","","","",
"Nauru","NRU","Child employment in agriculture, male (% of male economically active children ages 7-14)","SL.AGR.0714.MA.ZS","","","","","","","","","","","","","","","","","","","","","","","","","","","","","","","","","","","","","","","","","","","","","","","","","","","","","","","","","","","","","","","",
"New Zealand","NZL","Child employment in agriculture, male (% of male economically active children ages 7-14)","SL.AGR.0714.MA.ZS","","","","","","","","","","","","","","","","","","","","","","","","","","","","","","","","","","","","","","","","","","","","","","","","","","","","","","","","","","","","","","","",
"OECD members","OED","Child employment in agriculture, male (% of male economically active children ages 7-14)","SL.AGR.0714.MA.ZS","","","","","","","","","","","","","","","","","","","","","","","","","","","","","","","","","","","","","","","","","","","","","","","","","","","","","","","","","","","","","","","",
"Oman","OMN","Child employment in agriculture, male (% of male economically active children ages 7-14)","SL.AGR.0714.MA.ZS","","","","","","","","","","","","","","","","","","","","","","","","","","","","","","","","","","","","","","","","","","","","","","","","","","","","","","","","","","","","","","","",
"Other small states","OSS","Child employment in agriculture, male (% of male economically active children ages 7-14)","SL.AGR.0714.MA.ZS","","","","","","","","","","","","","","","","","","","","","","","","","","","","","","","","","","","","","","","","","","","","","","","","","","","","","","","","","","","","","","","",
"Pakistan","PAK","Child employment in agriculture, male (% of male economically active children ages 7-14)","SL.AGR.0714.MA.ZS","","","","","","","","","","","","","","","","","","","","","","","","","","","","","","","","","","","","","","","","","","","","","","","","","72.55","","","70.72","","","","","","","","","","","",
"Panama","PAN","Child employment in agriculture, male (% of male economically active children ages 7-14)","SL.AGR.0714.MA.ZS","","","","","","","","","","","","","","","","","","","","","","","","","","","","","","","","","","","","","","","","","","","","61.97","","","","","77.76","","73.19","","66.52","","69.22","","","","","","","","",
"Peru","PER","Child employment in agriculture, male (% of male economically active children ages 7-14)","SL.AGR.0714.MA.ZS","","","","","","","","","","","","","","","","","","","","","","","","","","","","","","","","","","","","","","","","","75.4","","","","","","","63.7","","","","","","","","","","","","","","","",
"Philippines","PHL","Child employment in agriculture, male (% of male economically active children ages 7-14)","SL.AGR.0714.MA.ZS","","","","","","","","","","","","","","","","","","","","","","","","","","","","","","","","","","","","","","","","","","70.9","","","","","","","","","","64.4","","","","","","","","","","","",
"Palau","PLW","Child employment in agriculture, male (% of male economically active children ages 7-14)","SL.AGR.0714.MA.ZS","","","","","","","","","","","","","","","","","","","","","","","","","","","","","","","","","","","","","","","","","","","","","","","","","","","","","","","","","","","","","","","",
"Papua New Guinea","PNG","Child employment in agriculture, male (% of male economically active children ages 7-14)","SL.AGR.0714.MA.ZS","","","","","","","","","","","","","","","","","","","","","","","","","","","","","","","","","","","","","","","","","","","","","","","","","","","","","","","","","","","","","","","",
"Poland","POL","Child employment in agriculture, male (% of male economically active children ages 7-14)","SL.AGR.0714.MA.ZS","","","","","","","","","","","","","","","","","","","","","","","","","","","","","","","","","","","","","","","","","","","","","","","","","","","","","","","","","","","","","","","",
"Pre-demographic dividend","PRE","Child employment in agriculture, male (% of male economically active children ages 7-14)","SL.AGR.0714.MA.ZS","","","","","","","","","","","","","","","","","","","","","","","","","","","","","","","","","","","","","","","","","","","","","","","","","","","","","","","","","","","","","","","",
"Puerto Rico","PRI","Child employment in agriculture, male (% of male economically active children ages 7-14)","SL.AGR.0714.MA.ZS","","","","","","","","","","","","","","","","","","","","","","","","","","","","","","","","","","","","","","","","","","","","","","","","","","","","","","","","","","","","","","","",
"Korea, Dem. People's Rep.","PRK","Child employment in agriculture, male (% of male economically active children ages 7-14)","SL.AGR.0714.MA.ZS","","","","","","","","","","","","","","","","","","","","","","","","","","","","","","","","","","","","","","","","","","","","","","","","","","","","","","","","","","","","","","","",
"Portugal","PRT","Child employment in agriculture, male (% of male economically active children ages 7-14)","SL.AGR.0714.MA.ZS","","","","","","","","","","","","","","","","","","","","","","","","","","","","","","","","","","","","","","","","","","52.7097912935752","","","","","","","","","","","","","","","","","","","","","",
"Paraguay","PRY","Child employment in agriculture, male (% of male economically active children ages 7-14)","SL.AGR.0714.MA.ZS","","","","","","","","","","","","","","","","","","","","","","","","","","","","","","","","","","","","","","","","","","","","","","69.76","","","","","","","","","61.23","","","","","","","","",
"West Bank and Gaza","PSE","Child employment in agriculture, male (% of male economically active children ages 7-14)","SL.AGR.0714.MA.ZS","","","","","","","","","","","","","","","","","","","","","","","","","","","","","","","","","","","","","","","","","","","","","","","","","","","","","","","","","","","","","","","",
"Pacific island small states","PSS","Child employment in agriculture, male (% of male economically active children ages 7-14)","SL.AGR.0714.MA.ZS","","","","","","","","","","","","","","","","","","","","","","","","","","","","","","","","","","","","","","","","","","","","","","","","","","","","","","","","","","","","","","","",
"Post-demographic dividend","PST","Child employment in agriculture, male (% of male economically active children ages 7-14)","SL.AGR.0714.MA.ZS","","","","","","","","","","","","","","","","","","","","","","","","","","","","","","","","","","","","","","","","","","","","","","","","","","","","","","","","","","","","","","","",
"French Polynesia","PYF","Child employment in agriculture, male (% of male economically active children ages 7-14)","SL.AGR.0714.MA.ZS","","","","","","","","","","","","","","","","","","","","","","","","","","","","","","","","","","","","","","","","","","","","","","","","","","","","","","","","","","","","","","","",
"Qatar","QAT","Child employment in agriculture, male (% of male economically active children ages 7-14)","SL.AGR.0714.MA.ZS","","","","","","","","","","","","","","","","","","","","","","","","","","","","","","","","","","","","","","","","","","","","","","","","","","","","","","","","","","","","","","","",
"Romania","ROU","Child employment in agriculture, male (% of male economically active children ages 7-14)","SL.AGR.0714.MA.ZS","","","","","","","","","","","","","","","","","","","","","","","","","","","","","","","","","","","","","","","","","96.39","","","","","","","","","","","","","","","","","","","","","","",
"Russian Federation","RUS","Child employment in agriculture, male (% of male economically active children ages 7-14)","SL.AGR.0714.MA.ZS","","","","","","","","","","","","","","","","","","","","","","","","","","","","","","","","","","","","","","","","","","","","","","","","","","","","","","","","","","","","","","","",
"Rwanda","RWA","Child employment in agriculture, male (% of male economically active children ages 7-14)","SL.AGR.0714.MA.ZS","","","","","","","","","","","","","","","","","","","","","","","","","","","","","","","","","","","","","","","","","","","","","","","","","86.18","","","70.9","","","66.66","","","","","","","","",
"South Asia","SAS","Child employment in agriculture, male (% of male economically active children ages 7-14)","SL.AGR.0714.MA.ZS","","","","","","","","","","","","","","","","","","","","","","","","","","","","","","","","","","","","","","","","","","","","","","","","","","","","","","","","","","","","","","","",
"Saudi Arabia","SAU","Child employment in agriculture, male (% of male economically active children ages 7-14)","SL.AGR.0714.MA.ZS","","","","","","","","","","","","","","","","","","","","","","","","","","","","","","","","","","","","","","","","","","","","","","","","","","","","","","","","","","","","","","","",
"Sudan","SDN","Child employment in agriculture, male (% of male economically active children ages 7-14)","SL.AGR.0714.MA.ZS","","","","","","","","","","","","","","","","","","","","","","","","","","","","","","","","","","","","","","","","","","","","","","","","","71.7","","","","","","","","","","","","","","",
"Senegal","SEN","Child employment in agriculture, male (% of male economically active children ages 7-14)","SL.AGR.0714.MA.ZS","","","","","","","","","","","","","","","","","","","","","","","","","","","","","","","","","","","","","","","","","","","","","","85.15","","","","","","89.01","","","","","","","","","","","",
"Singapore","SGP","Child employment in agriculture, male (% of male economically active children ages 7-14)","SL.AGR.0714.MA.ZS","","","","","","","","","","","","","","","","","","","","","","","","","","","","","","","","","","","","","","","","","","","","","","","","","","","","","","","","","","","","","","","",
"Solomon Islands","SLB","Child employment in agriculture, male (% of male economically active children ages 7-14)","SL.AGR.0714.MA.ZS","","","","","","","","","","","","","","","","","","","","","","","","","","","","","","","","","","","","","","","","","","","","","","","","","","","","","","","","","","","","","","","",
"Sierra Leone","SLE","Child employment in agriculture, male (% of male economically active children ages 7-14)","SL.AGR.0714.MA.ZS","","","","","","","","","","","","","","","","","","","","","","","","","","","","","","","","","","","","","","","","","","","","","","","","84.24","","","","","","","","","","","","","","","",
"El Salvador","SLV","Child employment in agriculture, male (% of male economically active children ages 7-14)","SL.AGR.0714.MA.ZS","","","","","","","","","","","","","","","","","","","","","","","","","","","","","","","","","","","","","","","","","","","","66.3842140009","","","","63.72","","69.43","","71.53","70.61","66.46","","","","","","","","","",
"San Marino","SMR","Child employment in agriculture, male (% of male economically active children ages 7-14)","SL.AGR.0714.MA.ZS","","","","","","","","","","","","","","","","","","","","","","","","","","","","","","","","","","","","","","","","","","","","","","","","","","","","","","","","","","","","","","","",
"Somalia","SOM","Child employment in agriculture, male (% of male economically active children ages 7-14)","SL.AGR.0714.MA.ZS","","","","","","","","","","","","","","","","","","","","","","","","","","","","","","","","","","","","","","","","","","","","","","","","","","","","","","","","","","","","","","","",
"Serbia","SRB","Child employment in agriculture, male (% of male economically active children ages 7-14)","SL.AGR.0714.MA.ZS","","","","","","","","","","","","","","","","","","","","","","","","","","","","","","","","","","","","","","","","","","","","","","","","","","","","","","","","","","","","","","","",
"Sub-Saharan Africa (excluding high income)","SSA","Child employment in agriculture, male (% of male economically active children ages 7-14)","SL.AGR.0714.MA.ZS","","","","","","","","","","","","","","","","","","","","","","","","","","","","","","","","","","","","","","","","","","","","","","","","","","","","","","","","","","","","","","","",
"South Sudan","SSD","Child employment in agriculture, male (% of male economically active children ages 7-14)","SL.AGR.0714.MA.ZS","","","","","","","","","","","","","","","","","","","","","","","","","","","","","","","","","","","","","","","","","","","","","","","","","69.52","","","","","","","","","","","","","","",
"Sub-Saharan Africa","SSF","Child employment in agriculture, male (% of male economically active children ages 7-14)","SL.AGR.0714.MA.ZS","","","","","","","","","","","","","","","","","","","","","","","","","","","","","","","","","","","","","","","","","","","","","","","","","","","","","","","","","","","","","","","",
"Small states","SST","Child employment in agriculture, male (% of male economically active children ages 7-14)","SL.AGR.0714.MA.ZS","","","","","","","","","","","","","","","","","","","","","","","","","","","","","","","","","","","","","","","","","","","","","","","","","","","","","","","","","","","","","","","",
"Sao Tome and Principe","STP","Child employment in agriculture, male (% of male economically active children ages 7-14)","SL.AGR.0714.MA.ZS","","","","","","","","","","","","","","","","","","","","","","","","","","","","","","","","","","","","","","","","","","","","","","","","","","","","","","","","","","","","","","","",
"Suriname","SUR","Child employment in agriculture, male (% of male economically active children ages 7-14)","SL.AGR.0714.MA.ZS","","","","","","","","","","","","","","","","","","","","","","","","","","","","","","","","","","","","","","","","","","","","","","","","","","","","","","","","","","","","","","","",
"Slovak Republic","SVK","Child employment in agriculture, male (% of male economically active children ages 7-14)","SL.AGR.0714.MA.ZS","","","","","","","","","","","","","","","","","","","","","","","","","","","","","","","","","","","","","","","","","","","","","","","","","","","","","","","","","","","","","","","",
"Slovenia","SVN","Child employment in agriculture, male (% of male economically active children ages 7-14)","SL.AGR.0714.MA.ZS","","","","","","","","","","","","","","","","","","","","","","","","","","","","","","","","","","","","","","","","","","","","","","","","","","","","","","","","","","","","","","","",
"Sweden","SWE","Child employment in agriculture, male (% of male economically active children ages 7-14)","SL.AGR.0714.MA.ZS","","","","","","","","","","","","","","","","","","","","","","","","","","","","","","","","","","","","","","","","","","","","","","","","","","","","","","","","","","","","","","","",
"Eswatini","SWZ","Child employment in agriculture, male (% of male economically active children ages 7-14)","SL.AGR.0714.MA.ZS","","","","","","","","","","","","","","","","","","","","","","","","","","","","","","","","","","","","","","","","","","","","","","","","","","","","","","","","","","","","","","","",
"Sint Maarten (Dutch part)","SXM","Child employment in agriculture, male (% of male economically active children ages 7-14)","SL.AGR.0714.MA.ZS","","","","","","","","","","","","","","","","","","","","","","","","","","","","","","","","","","","","","","","","","","","","","","","","","","","","","","","","","","","","","","","",
"Seychelles","SYC","Child employment in agriculture, male (% of male economically active children ages 7-14)","SL.AGR.0714.MA.ZS","","","","","","","","","","","","","","","","","","","","","","","","","","","","","","","","","","","","","","","","","","","","","","","","","","","","","","","","","","","","","","","",
"Syrian Arab Republic","SYR","Child employment in agriculture, male (% of male economically active children ages 7-14)","SL.AGR.0714.MA.ZS","","","","","","","","","","","","","","","","","","","","","","","","","","","","","","","","","","","","","","","","","","","","","","","","","","","","","","","","","","","","","","","",
"Turks and Caicos Islands","TCA","Child employment in agriculture, male (% of male economically active children ages 7-14)","SL.AGR.0714.MA.ZS","","","","","","","","","","","","","","","","","","","","","","","","","","","","","","","","","","","","","","","","","","","","","","","","","","","","","","","","","","","","","","","",
"Chad","TCD","Child employment in agriculture, male (% of male economically active children ages 7-14)","SL.AGR.0714.MA.ZS","","","","","","","","","","","","","","","","","","","","","","","","","","","","","","","","","","","","","","","","","","","","","","","","","","","","","","","","","","","","","","","",
"East Asia & Pacific (IDA & IBRD countries)","TEA","Child employment in agriculture, male (% of male economically active children ages 7-14)","SL.AGR.0714.MA.ZS","","","","","","","","","","","","","","","","","","","","","","","","","","","","","","","","","","","","","","","","","","","","","","","","","","","","","","","","","","","","","","","",
"Europe & Central Asia (IDA & IBRD countries)","TEC","Child employment in agriculture, male (% of male economically active children ages 7-14)","SL.AGR.0714.MA.ZS","","","","","","","","","","","","","","","","","","","","","","","","","","","","","","","","","","","","","","","","","","","","","","","","","","","","","","","","","","","","","","","",
"Togo","TGO","Child employment in agriculture, male (% of male economically active children ages 7-14)","SL.AGR.0714.MA.ZS","","","","","","","","","","","","","","","","","","","","","","","","","","","","","","","","","","","","","","","","","","","","","","","89.08","","","","78.11","","","","","","","","","","","","",
"Thailand","THA","Child employment in agriculture, male (% of male economically active children ages 7-14)","SL.AGR.0714.MA.ZS","","","","","","","","","","","","","","","","","","","","","","","","","","","","","","","","","","","","","","","","","","","","","","","","","","","","","","","","","","","","","","","",
"Tajikistan","TJK","Child employment in agriculture, male (% of male economically active children ages 7-14)","SL.AGR.0714.MA.ZS","","","","","","","","","","","","","","","","","","","","","","","","","","","","","","","","","","","","","","","","23.81","","","","","","","","","","","","","","","","","","","","","","","",
"Turkmenistan","TKM","Child employment in agriculture, male (% of male economically active children ages 7-14)","SL.AGR.0714.MA.ZS","","","","","","","","","","","","","","","","","","","","","","","","","","","","","","","","","","","","","","","","","","","","","","","","","","","","","","","","","","","","","","","",
"Latin America & the Caribbean (IDA & IBRD countries)","TLA","Child employment in agriculture, male (% of male economically active children ages 7-14)","SL.AGR.0714.MA.ZS","","","","","","","","","","","","","","","","","","","","","","","","","","","","","","","","","","","","","","","","","","","","","","","","","","","","","","","","","","","","","","","",
"Timor-Leste","TLS","Child employment in agriculture, male (% of male economically active children ages 7-14)","SL.AGR.0714.MA.ZS","","","","","","","","","","","","","","","","","","","","","","","","","","","","","","","","","","","","","","","","","","","","","","","","98.16","","","","","","","","","","","","","","","",
"Middle East & North Africa (IDA & IBRD countries)","TMN","Child employment in agriculture, male (% of male economically active children ages 7-14)","SL.AGR.0714.MA.ZS","","","","","","","","","","","","","","","","","","","","","","","","","","","","","","","","","","","","","","","","","","","","","","","","","","","","","","","","","","","","","","","",
"Tonga","TON","Child employment in agriculture, male (% of male economically active children ages 7-14)","SL.AGR.0714.MA.ZS","","","","","","","","","","","","","","","","","","","","","","","","","","","","","","","","","","","","","","","","","","","","","","","","","","","","","","","","","","","","","","","",
"South Asia (IDA & IBRD)","TSA","Child employment in agriculture, male (% of male economically active children ages 7-14)","SL.AGR.0714.MA.ZS","","","","","","","","","","","","","","","","","","","","","","","","","","","","","","","","","","","","","","","","","","","","","","","","","","","","","","","","","","","","","","","",
"Sub-Saharan Africa (IDA & IBRD countries)","TSS","Child employment in agriculture, male (% of male economically active children ages 7-14)","SL.AGR.0714.MA.ZS","","","","","","","","","","","","","","","","","","","","","","","","","","","","","","","","","","","","","","","","","","","","","","","","","","","","","","","","","","","","","","","",
"Trinidad and Tobago","TTO","Child employment in agriculture, male (% of male economically active children ages 7-14)","SL.AGR.0714.MA.ZS","","","","","","","","","","","","","","","","","","","","","","","","","","","","","","","","","","","","","","","","","","","","","","","","","","","","","","","","","","","","","","","",
"Tunisia","TUN","Child employment in agriculture, male (% of male economically active children ages 7-14)","SL.AGR.0714.MA.ZS","","","","","","","","","","","","","","","","","","","","","","","","","","","","","","","","","","","","","","","","","","","","","","","","","","","","","","","","","","","","","","","",
"Turkiye","TUR","Child employment in agriculture, male (% of male economically active children ages 7-14)","SL.AGR.0714.MA.ZS","","","","","","","","","","","","","","","","","","","","","","","","","","","","","","","","","","","","","","","","52.7120519945","","","","","","","49.35","","","","","","","","","","","","","","","","",
"Tuvalu","TUV","Child employment in agriculture, male (% of male economically active children ages 7-14)","SL.AGR.0714.MA.ZS","","","","","","","","","","","","","","","","","","","","","","","","","","","","","","","","","","","","","","","","","","","","","","","","","","","","","","","","","","","","","","","",
"Tanzania","TZA","Child employment in agriculture, male (% of male economically active children ages 7-14)","SL.AGR.0714.MA.ZS","","","","","","","","","","","","","","","","","","","","","","","","","","","","","","","","","","","","","","","","","","83.459640038","","","","","89.01","","","","","","","","96.68","","","","","","","","",
"Uganda","UGA","Child employment in agriculture, male (% of male economically active children ages 7-14)","SL.AGR.0714.MA.ZS","","","","","","","","","","","","","","","","","","","","","","","","","","","","","","","","","","","","","","","","","","","","","","","96.02","","","","","","94.36","","","","","","","","","","",
"Ukraine","UKR","Child employment in agriculture, male (% of male economically active children ages 7-14)","SL.AGR.0714.MA.ZS","","","","","","","","","","","","","","","","","","","","","","","","","","","","","","","","","","","","","","","","","","","","","","","","","","","","","","","","","","","","","","","",
"Upper middle income","UMC","Child employment in agriculture, male (% of male economically active children ages 7-14)","SL.AGR.0714.MA.ZS","","","","","","","","","","","","","","","","","","","","","","","","","","","","","","","","","","","","","","","","","","","","","","","","","","","","","","","","","","","","","","","",
"Uruguay","URY","Child employment in agriculture, male (% of male economically active children ages 7-14)","SL.AGR.0714.MA.ZS","","","","","","","","","","","","","","","","","","","","","","","","","","","","","","","","","","","","","","","","","","","","","","","","","","36.72","","","","","","","","","","","","","",
"United States","USA","Child employment in agriculture, male (% of male economically active children ages 7-14)","SL.AGR.0714.MA.ZS","","","","","","","","","","","","","","","","","","","","","","","","","","","","","","","","","","","","","","","","","","","","","","","","","","","","","","","","","","","","","","","",
"Uzbekistan","UZB","Child employment in agriculture, male (% of male economically active children ages 7-14)","SL.AGR.0714.MA.ZS","","","","","","","","","","","","","","","","","","","","","","","","","","","","","","","","","","","","","","","","","","","","","","","","","","","","","","","","","","","","","","","",
"St. Vincent and the Grenadines","VCT","Child employment in agriculture, male (% of male economically active children ages 7-14)","SL.AGR.0714.MA.ZS","","","","","","","","","","","","","","","","","","","","","","","","","","","","","","","","","","","","","","","","","","","","","","","","","","","","","","","","","","","","","","","",
"Venezuela, RB","VEN","Child employment in agriculture, male (% of male economically active children ages 7-14)","SL.AGR.0714.MA.ZS","","","","","","","","","","","","","","","","","","","","","","","","","","","","","","","","","","","","","","","","","","","","35.1583105132","","37.6","39.56","","","","","","","41.68","","","","","","","","","",
"British Virgin Islands","VGB","Child employment in agriculture, male (% of male economically active children ages 7-14)","SL.AGR.0714.MA.ZS","","","","","","","","","","","","","","","","","","","","","","","","","","","","","","","","","","","","","","","","","","","","","","","","","","","","","","","","","","","","","","","",
"Virgin Islands (U.S.)","VIR","Child employment in agriculture, male (% of male economically active children ages 7-14)","SL.AGR.0714.MA.ZS","","","","","","","","","","","","","","","","","","","","","","","","","","","","","","","","","","","","","","","","","","","","","","","","","","","","","","","","","","","","","","","",
"Vietnam","VNM","Child employment in agriculture, male (% of male economically active children ages 7-14)","SL.AGR.0714.MA.ZS","","","","","","","","","","","","","","","","","","","","","","","","","","","","","","","","","","","","","","","","","","","","","","","","","","","","","80.66","","","","","","","","","","",
"Vanuatu","VUT","Child employment in agriculture, male (% of male economically active children ages 7-14)","SL.AGR.0714.MA.ZS","","","","","","","","","","","","","","","","","","","","","","","","","","","","","","","","","","","","","","","","","","","","","","","","","","","","","","","","","","","","","","","",
"World","WLD","Child employment in agriculture, male (% of male economically active children ages 7-14)","SL.AGR.0714.MA.ZS","","","","","","","","","","","","","","","","","","","","","","","","","","","","","","","","","","","","","","","","","","","","","","","","","","","","","","","","","","","","","","","",
"Samoa","WSM","Child employment in agriculture, male (% of male economically active children ages 7-14)","SL.AGR.0714.MA.ZS","","","","","","","","","","","","","","","","","","","","","","","","","","","","","","","","","","","","","","","","","","","","","","","","","","","","","","","","","","","","","","","",
"Kosovo","XKX","Child employment in agriculture, male (% of male economically active children ages 7-14)","SL.AGR.0714.MA.ZS","","","","","","","","","","","","","","","","","","","","","","","","","","","","","","","","","","","","","","","","","","","","","","","","","","","","","","","","","","","","","","","",
"Yemen, Rep.","YEM","Child employment in agriculture, male (% of male economically active children ages 7-14)","SL.AGR.0714.MA.ZS","","","","","","","","","","","","","","","","","","","","","","","","","","","","","","","","","","","","","","","","87.21","","","","","","","","","","","77.89","","","","","","","","","","","","",
"South Africa","ZAF","Child employment in agriculture, male (% of male economically active children ages 7-14)","SL.AGR.0714.MA.ZS","","","","","","","","","","","","","","","","","","","","","","","","","","","","","","","","","","","","","","","","","","","","","","","","","","","","","","","","","","","","","","","",
"Zambia","ZMB","Child employment in agriculture, male (% of male economically active children ages 7-14)","SL.AGR.0714.MA.ZS","","","","","","","","","","","","","","","","","","","","","","","","","","","","","","","","","","","","","","","","","","","","","","96.47","","","93.57","","","","","","","","","","","","","","",
"Zimbabwe","ZWE","Child employment in agriculture, male (% of male economically active children ages 7-14)","SL.AGR.0714.MA.ZS","","","","","","","","","","","","","","","","","","","","","","","","","","","","","","","","","","","","","","","","","","","","","","","","","","","","","","","","","","","","","","","",
